<?xml version="1.0" encoding="UTF-8" ?>
<!DOCTYPE configuration
        PUBLIC "-//mybatis.org//DTD Config 3.0//EN"
        "http://mybatis.org/dtd/mybatis-3-config.dtd">
<configuration>
    <settings>
        <setting name="cacheEnabled" value="true"/>
        <setting name="lazyLoadingEnabled" value="true"/>
        <setting name="mapUnderscoreToCamelCase" value="true"/>

        <!-- 显示SQL日志 -->
        <setting name="logImpl" value="STDOUT_LOGGING"/>
    </settings>
    <typeAliases>
        <package name="com.example.demo.SSM_frame.project.pojo"/>
    </typeAliases>
</configuration>
