<?xml version="1.0" encoding="UTF-8"?>
<beans xmlns="http://www.springframework.org/schema/beans"
       xmlns:context="http://www.springframework.org/schema/context"
       xmlns:xsi="http://www.w3.org/2001/XMLSchema-instance" xmlns:mvc="http://www.springframework.org/schema/mvc"
       xsi:schemaLocation="http://www.springframework.org/schema/beans
        https://www.springframework.org/schema/beans/spring-beans.xsd
        http://www.springframework.org/schema/context
        https://www.springframework.org/schema/context/spring-context.xsd http://www.springframework.org/schema/mvc https://www.springframework.org/schema/mvc/spring-mvc.xsd">

    <context:component-scan base-package="com.example.demo.SSM_frame.project.control" />

    <!-- 注解驱动，包含JSON支持 -->
    <mvc:annotation-driven>
        <mvc:message-converters>
            <bean class="org.springframework.http.converter.json.MappingJackson2HttpMessageConverter"/>
        </mvc:message-converters>
    </mvc:annotation-driven>

    <!-- 配置拦截器 -->
<!--    <mvc:interceptors>-->
<!--        &lt;!&ndash;        &lt;!&ndash; 全局拦截器 &ndash;&gt;&ndash;&gt;-->
<!--        &lt;!&ndash;        <bean class="com.qst.interceptor.LoginInterceptor"/>&ndash;&gt;-->

<!--        &lt;!&ndash; 或者指定路径的拦截器 &ndash;&gt;-->
<!--        <mvc:interceptor>-->
<!--            <mvc:mapping path="/**"/>-->
<!--            <mvc:exclude-mapping path="/login"/>-->
<!--            <bean class="com.example.demo.SSM_frame.project.interceptor.LoginCheckInterceptor"/>-->
<!--        </mvc:interceptor>-->
<!--    </mvc:interceptors>-->

    <mvc:cors>
        <mvc:mapping path="/**"
                     allowed-origins="http://localhost:5173"
                     allowed-methods="GET, POST, PUT, DELETE, OPTIONS"
                     allowed-headers="*"
                     allow-credentials="true" />
    </mvc:cors>
    <!-- 启用静态资源处理 -->
    <mvc:default-servlet-handler/>



</beans>
